[
  {
    "batchNo": "B001",
    "itemNo": "I001",
    "itemName": "Amlodipine 250mg",
    "description": "Treats high blood pressure and chest pain.",
    "quantity": 123,
    "expiryDate": "2028-04-10",
    "unitPrice": 14.9
  },
  {
    "batchNo": "B002",
    "itemNo": "I002",
    "itemName": "Metformin 250mg",
    "description": "Used to treat type 2 diabetes.",
    "quantity": 197,
    "expiryDate": "2025-05-09",
    "unitPrice": 3.66
  },
  {
    "batchNo": "B003",
    "itemNo": "I003",
    "itemName": "Amlodipine 250mg",
    "description": "Treats high blood pressure and chest pain.",
    "quantity": 60,
    "expiryDate": "2025-05-11",
    "unitPrice": 2.25
  },
  {
    "batchNo": "B004",
    "itemNo": "I004",
    "itemName": "Azithromycin 10mg",
    "description": "Antibiotic for respiratory infections.",
    "quantity": 169,
    "expiryDate": "2028-01-16",
    "unitPrice": 16.4
  },
  {
    "batchNo": "B005",
    "itemNo": "I005",
    "itemName": "Amoxicillin 20mg",
    "description": "Antibiotic for bacterial infections.",
    "quantity": 70,
    "expiryDate": "2026-01-16",
    "unitPrice": 14.93
  },
  {
    "batchNo": "B006",
    "itemNo": "I006",
    "itemName": "Amoxicillin 250mg",
    "description": "Antibiotic for bacterial infections.",
    "quantity": 95,
    "expiryDate": "2028-03-31",
    "unitPrice": 4.94
  },
  {
    "batchNo": "B007",
    "itemNo": "I007",
    "itemName": "Ibuprofen 5mg",
    "description": "Non-steroidal anti-inflammatory drug (NSAID).",
    "quantity": 191,
    "expiryDate": "2026-12-07",
    "unitPrice": 6.32
  },
  {
    "batchNo": "B008",
    "itemNo": "I008",
    "itemName": "Amoxicillin 10mg",
    "description": "Antibiotic for bacterial infections.",
    "quantity": 94,
    "expiryDate": "2025-01-27",
    "unitPrice": 17.78
  },
  {
    "batchNo": "B009",
    "itemNo": "I009",
    "itemName": "Amlodipine 500mg",
    "description": "Treats high blood pressure and chest pain.",
    "quantity": 93,
    "expiryDate": "2026-08-12",
    "unitPrice": 1.95
  },
  {
    "batchNo": "B010",
    "itemNo": "I010",
    "itemName": "Azithromycin 10mg",
    "description": "Antibiotic for respiratory infections.",
    "quantity": 192,
    "expiryDate": "2028-02-18",
    "unitPrice": 5.58
  },
  {
    "batchNo": "B011",
    "itemNo": "I011",
    "itemName": "Amoxicillin 20mg",
    "description": "Antibiotic for bacterial infections.",
    "quantity": 115,
    "expiryDate": "2028-04-08",
    "unitPrice": 17.11
  },
  {
    "batchNo": "B012",
    "itemNo": "I012",
    "itemName": "Amlodipine 10mg",
    "description": "Treats high blood pressure and chest pain.",
    "quantity": 157,
    "expiryDate": "2027-09-01",
    "unitPrice": 12.3
  },
  {
    "batchNo": "B013",
    "itemNo": "I013",
    "itemName": "Paracetamol 500mg",
    "description": "Pain reliever and fever reducer.",
    "quantity": 176,
    "expiryDate": "2027-03-19",
    "unitPrice": 6.91
  },
  {
    "batchNo": "B014",
    "itemNo": "I014",
    "itemName": "Simvastatin 20mg",
    "description": "Lowers cholesterol and triglycerides.",
    "quantity": 161,
    "expiryDate": "2025-06-17",
    "unitPrice": 1.89
  },
  {
    "batchNo": "B015",
    "itemNo": "I015",
    "itemName": "Omeprazole 500mg",
    "description": "Proton pump inhibitor for acid reflux.",
    "quantity": 174,
    "expiryDate": "2026-07-23",
    "unitPrice": 5.45
  },
  {
    "batchNo": "B016",
    "itemNo": "I016",
    "itemName": "Cetirizine 10mg",
    "description": "Antihistamine for allergies.",
    "quantity": 49,
    "expiryDate": "2025-04-24",
    "unitPrice": 11.8
  },
  {
    "batchNo": "B017",
    "itemNo": "I017",
    "itemName": "Loratadine 5mg",
    "description": "Used to treat allergies.",
    "quantity": 39,
    "expiryDate": "2026-12-16",
    "unitPrice": 19.49
  },
  {
    "batchNo": "B018",
    "itemNo": "I018",
    "itemName": "Cetirizine 20mg",
    "description": "Antihistamine for allergies.",
    "quantity": 103,
    "expiryDate": "2026-01-16",
    "unitPrice": 4.01
  },
  {
    "batchNo": "B019",
    "itemNo": "I019",
    "itemName": "Cetirizine 250mg",
    "description": "Antihistamine for allergies.",
    "quantity": 156,
    "expiryDate": "2024-12-09",
    "unitPrice": 12.29
  },
  {
    "batchNo": "B020",
    "itemNo": "I020",
    "itemName": "Amoxicillin 5mg",
    "description": "Antibiotic for bacterial infections.",
    "quantity": 148,
    "expiryDate": "2026-05-05",
    "unitPrice": 11.45
  },
  {
    "batchNo": "B021",
    "itemNo": "I021",
    "itemName": "Amlodipine 5mg",
    "description": "Treats high blood pressure and chest pain.",
    "quantity": 110,
    "expiryDate": "2025-06-24",
    "unitPrice": 11.46
  },
  {
    "batchNo": "B022",
    "itemNo": "I022",
    "itemName": "Azithromycin 20mg",
    "description": "Antibiotic for respiratory infections.",
    "quantity": 151,
    "expiryDate": "2025-01-11",
    "unitPrice": 17.26
  },
  {
    "batchNo": "B023",
    "itemNo": "I023",
    "itemName": "Amlodipine 20mg",
    "description": "Treats high blood pressure and chest pain.",
    "quantity": 65,
    "expiryDate": "2026-04-27",
    "unitPrice": 11.36
  },
  {
    "batchNo": "B024",
    "itemNo": "I024",
    "itemName": "Simvastatin 20mg",
    "description": "Lowers cholesterol and triglycerides.",
    "quantity": 196,
    "expiryDate": "2026-11-18",
    "unitPrice": 11.06
  },
  {
    "batchNo": "B025",
    "itemNo": "I025",
    "itemName": "Amoxicillin 250mg",
    "description": "Antibiotic for bacterial infections.",
    "quantity": 133,
    "expiryDate": "2027-07-05",
    "unitPrice": 7.54
  },
  {
    "batchNo": "B026",
    "itemNo": "I026",
    "itemName": "Paracetamol 500mg",
    "description": "Pain reliever and fever reducer.",
    "quantity": 149,
    "expiryDate": "2027-08-21",
    "unitPrice": 13.55
  },
  {
    "batchNo": "B027",
    "itemNo": "I027",
    "itemName": "Amoxicillin 5mg",
    "description": "Antibiotic for bacterial infections.",
    "quantity": 16,
    "expiryDate": "2025-07-20",
    "unitPrice": 18.21
  },
  {
    "batchNo": "B028",
    "itemNo": "I028",
    "itemName": "Simvastatin 10mg",
    "description": "Lowers cholesterol and triglycerides.",
    "quantity": 135,
    "expiryDate": "2028-02-27",
    "unitPrice": 18.32
  },
  {
    "batchNo": "B029",
    "itemNo": "I029",
    "itemName": "Omeprazole 20mg",
    "description": "Proton pump inhibitor for acid reflux.",
    "quantity": 86,
    "expiryDate": "2028-04-05",
    "unitPrice": 2.05
  },
  {
    "batchNo": "B030",
    "itemNo": "I030",
    "itemName": "Omeprazole 250mg",
    "description": "Proton pump inhibitor for acid reflux.",
    "quantity": 75,
    "expiryDate": "2027-08-16",
    "unitPrice": 7.19
  },
  {
    "batchNo": "B031",
    "itemNo": "I031",
    "itemName": "Azithromycin 20mg",
    "description": "Antibiotic for respiratory infections.",
    "quantity": 163,
    "expiryDate": "2027-06-22",
    "unitPrice": 12.94
  },
  {
    "batchNo": "B032",
    "itemNo": "I032",
    "itemName": "Azithromycin 10mg",
    "description": "Antibiotic for respiratory infections.",
    "quantity": 111,
    "expiryDate": "2026-02-02",
    "unitPrice": 3.96
  },
  {
    "batchNo": "B033",
    "itemNo": "I033",
    "itemName": "Amoxicillin 500mg",
    "description": "Antibiotic for bacterial infections.",
    "quantity": 194,
    "expiryDate": "2027-06-30",
    "unitPrice": 16.17
  },
  {
    "batchNo": "B034",
    "itemNo": "I034",
    "itemName": "Metformin 10mg",
    "description": "Used to treat type 2 diabetes.",
    "quantity": 61,
    "expiryDate": "2027-12-07",
    "unitPrice": 14.81
  },
  {
    "batchNo": "B035",
    "itemNo": "I035",
    "itemName": "Amlodipine 250mg",
    "description": "Treats high blood pressure and chest pain.",
    "quantity": 190,
    "expiryDate": "2025-04-29",
    "unitPrice": 16.32
  },
  {
    "batchNo": "B036",
    "itemNo": "I036",
    "itemName": "Cetirizine 250mg",
    "description": "Antihistamine for allergies.",
    "quantity": 123,
    "expiryDate": "2028-03-28",
    "unitPrice": 8.23
  },
  {
    "batchNo": "B037",
    "itemNo": "I037",
    "itemName": "Cetirizine 5mg",
    "description": "Antihistamine for allergies.",
    "quantity": 186,
    "expiryDate": "2027-12-18",
    "unitPrice": 8.1
  },
  {
    "batchNo": "B038",
    "itemNo": "I038",
    "itemName": "Amoxicillin 5mg",
    "description": "Antibiotic for bacterial infections.",
    "quantity": 144,
    "expiryDate": "2027-05-28",
    "unitPrice": 4.62
  },
  {
    "batchNo": "B039",
    "itemNo": "I039",
    "itemName": "Paracetamol 20mg",
    "description": "Pain reliever and fever reducer.",
    "quantity": 46,
    "expiryDate": "2026-03-14",
    "unitPrice": 3.05
  },
  {
    "batchNo": "B040",
    "itemNo": "I040",
    "itemName": "Cetirizine 10mg",
    "description": "Antihistamine for allergies.",
    "quantity": 118,
    "expiryDate": "2026-02-20",
    "unitPrice": 9.95
  },
  {
    "batchNo": "B041",
    "itemNo": "I041",
    "itemName": "Azithromycin 10mg",
    "description": "Antibiotic for respiratory infections.",
    "quantity": 51,
    "expiryDate": "2027-10-08",
    "unitPrice": 4.64
  },
  {
    "batchNo": "B042",
    "itemNo": "I042",
    "itemName": "Simvastatin 10mg",
    "description": "Lowers cholesterol and triglycerides.",
    "quantity": 177,
    "expiryDate": "2028-03-22",
    "unitPrice": 2.34
  },
  {
    "batchNo": "B043",
    "itemNo": "I043",
    "itemName": "Azithromycin 250mg",
    "description": "Antibiotic for respiratory infections.",
    "quantity": 187,
    "expiryDate": "2027-06-10",
    "unitPrice": 7.87
  },
  {
    "batchNo": "B044",
    "itemNo": "I044",
    "itemName": "Metformin 20mg",
    "description": "Used to treat type 2 diabetes.",
    "quantity": 141,
    "expiryDate": "2025-11-25",
    "unitPrice": 14.16
  },
  {
    "batchNo": "B045",
    "itemNo": "I045",
    "itemName": "Loratadine 500mg",
    "description": "Used to treat allergies.",
    "quantity": 73,
    "expiryDate": "2028-05-03",
    "unitPrice": 17.33
  },
  {
    "batchNo": "B046",
    "itemNo": "I046",
    "itemName": "Ibuprofen 10mg",
    "description": "Non-steroidal anti-inflammatory drug (NSAID).",
    "quantity": 20,
    "expiryDate": "2028-03-24",
    "unitPrice": 17.8
  },
  {
    "batchNo": "B047",
    "itemNo": "I047",
    "itemName": "Paracetamol 500mg",
    "description": "Pain reliever and fever reducer.",
    "quantity": 142,
    "expiryDate": "2027-10-26",
    "unitPrice": 11.16
  },
  {
    "batchNo": "B048",
    "itemNo": "I048",
    "itemName": "Cetirizine 5mg",
    "description": "Antihistamine for allergies.",
    "quantity": 181,
    "expiryDate": "2028-03-09",
    "unitPrice": 1.01
  },
  {
    "batchNo": "B049",
    "itemNo": "I049",
    "itemName": "Loratadine 5mg",
    "description": "Used to treat allergies.",
    "quantity": 101,
    "expiryDate": "2025-09-16",
    "unitPrice": 15.03
  },
  {
    "batchNo": "B050",
    "itemNo": "I050",
    "itemName": "Loratadine 10mg",
    "description": "Used to treat allergies.",
    "quantity": 27,
    "expiryDate": "2026-03-31",
    "unitPrice": 5.95
  },
  {
    "batchNo": "B051",
    "itemNo": "I051",
    "itemName": "Amlodipine 20mg",
    "description": "Treats high blood pressure and chest pain.",
    "quantity": 74,
    "expiryDate": "2026-04-05",
    "unitPrice": 7.31
  },
  {
    "batchNo": "B052",
    "itemNo": "I052",
    "itemName": "Paracetamol 20mg",
    "description": "Pain reliever and fever reducer.",
    "quantity": 35,
    "expiryDate": "2025-06-07",
    "unitPrice": 5.45
  },
  {
    "batchNo": "B053",
    "itemNo": "I053",
    "itemName": "Amoxicillin 500mg",
    "description": "Antibiotic for bacterial infections.",
    "quantity": 160,
    "expiryDate": "2026-03-01",
    "unitPrice": 13.91
  },
  {
    "batchNo": "B054",
    "itemNo": "I054",
    "itemName": "Cetirizine 20mg",
    "description": "Antihistamine for allergies.",
    "quantity": 93,
    "expiryDate": "2027-01-05",
    "unitPrice": 16.19
  },
  {
    "batchNo": "B055",
    "itemNo": "I055",
    "itemName": "Amlodipine 10mg",
    "description": "Treats high blood pressure and chest pain.",
    "quantity": 187,
    "expiryDate": "2024-09-20",
    "unitPrice": 15.43
  },
  {
    "batchNo": "B056",
    "itemNo": "I056",
    "itemName": "Simvastatin 20mg",
    "description": "Lowers cholesterol and triglycerides.",
    "quantity": 145,
    "expiryDate": "2025-01-18",
    "unitPrice": 12.88
  },
  {
    "batchNo": "B057",
    "itemNo": "I057",
    "itemName": "Amlodipine 250mg",
    "description": "Treats high blood pressure and chest pain.",
    "quantity": 100,
    "expiryDate": "2024-10-02",
    "unitPrice": 17.34
  },
  {
    "batchNo": "B058",
    "itemNo": "I058",
    "itemName": "Azithromycin 20mg",
    "description": "Antibiotic for respiratory infections.",
    "quantity": 28,
    "expiryDate": "2026-01-09",
    "unitPrice": 16.21
  },
  {
    "batchNo": "B059",
    "itemNo": "I059",
    "itemName": "Loratadine 250mg",
    "description": "Used to treat allergies.",
    "quantity": 131,
    "expiryDate": "2026-04-05",
    "unitPrice": 16.05
  },
  {
    "batchNo": "B060",
    "itemNo": "I060",
    "itemName": "Simvastatin 10mg",
    "description": "Lowers cholesterol and triglycerides.",
    "quantity": 48,
    "expiryDate": "2026-11-04",
    "unitPrice": 18.08
  },
  {
    "batchNo": "B061",
    "itemNo": "I061",
    "itemName": "Paracetamol 10mg",
    "description": "Pain reliever and fever reducer.",
    "quantity": 162,
    "expiryDate": "2028-01-02",
    "unitPrice": 1.98
  },
  {
    "batchNo": "B062",
    "itemNo": "I062",
    "itemName": "Amlodipine 20mg",
    "description": "Treats high blood pressure and chest pain.",
    "quantity": 89,
    "expiryDate": "2027-02-05",
    "unitPrice": 1.96
  },
  {
    "batchNo": "B063",
    "itemNo": "I063",
    "itemName": "Simvastatin 20mg",
    "description": "Lowers cholesterol and triglycerides.",
    "quantity": 37,
    "expiryDate": "2025-08-10",
    "unitPrice": 5.2
  },
  {
    "batchNo": "B064",
    "itemNo": "I064",
    "itemName": "Azithromycin 5mg",
    "description": "Antibiotic for respiratory infections.",
    "quantity": 132,
    "expiryDate": "2027-11-11",
    "unitPrice": 19.88
  },
  {
    "batchNo": "B065",
    "itemNo": "I065",
    "itemName": "Loratadine 20mg",
    "description": "Used to treat allergies.",
    "quantity": 62,
    "expiryDate": "2025-07-26",
    "unitPrice": 13.43
  },
  {
    "batchNo": "B066",
    "itemNo": "I066",
    "itemName": "Loratadine 20mg",
    "description": "Used to treat allergies.",
    "quantity": 149,
    "expiryDate": "2026-10-11",
    "unitPrice": 12.6
  },
  {
    "batchNo": "B067",
    "itemNo": "I067",
    "itemName": "Ibuprofen 5mg",
    "description": "Non-steroidal anti-inflammatory drug (NSAID).",
    "quantity": 69,
    "expiryDate": "2024-07-10",
    "unitPrice": 12.5
  },
  {
    "batchNo": "B068",
    "itemNo": "I068",
    "itemName": "Simvastatin 250mg",
    "description": "Lowers cholesterol and triglycerides.",
    "quantity": 158,
    "expiryDate": "2026-07-06",
    "unitPrice": 18.08
  },
  {
    "batchNo": "B069",
    "itemNo": "I069",
    "itemName": "Cetirizine 500mg",
    "description": "Antihistamine for allergies.",
    "quantity": 190,
    "expiryDate": "2024-09-28",
    "unitPrice": 3.63
  },
  {
    "batchNo": "B070",
    "itemNo": "I070",
    "itemName": "Paracetamol 20mg",
    "description": "Pain reliever and fever reducer.",
    "quantity": 146,
    "expiryDate": "2025-02-13",
    "unitPrice": 4.97
  },
  {
    "batchNo": "B071",
    "itemNo": "I071",
    "itemName": "Amoxicillin 5mg",
    "description": "Antibiotic for bacterial infections.",
    "quantity": 195,
    "expiryDate": "2026-11-16",
    "unitPrice": 9.84
  },
  {
    "batchNo": "B072",
    "itemNo": "I072",
    "itemName": "Metformin 5mg",
    "description": "Used to treat type 2 diabetes.",
    "quantity": 8,
    "expiryDate": "2025-02-27",
    "unitPrice": 9.11
  },
  {
    "batchNo": "B073",
    "itemNo": "I073",
    "itemName": "Loratadine 250mg",
    "description": "Used to treat allergies.",
    "quantity": 16,
    "expiryDate": "2025-03-12",
    "unitPrice": 11.51
  },
  {
    "batchNo": "B074",
    "itemNo": "I074",
    "itemName": "Ibuprofen 10mg",
    "description": "Non-steroidal anti-inflammatory drug (NSAID).",
    "quantity": 76,
    "expiryDate": "2027-11-26",
    "unitPrice": 13.92
  },
  {
    "batchNo": "B075",
    "itemNo": "I075",
    "itemName": "Cetirizine 10mg",
    "description": "Antihistamine for allergies.",
    "quantity": 49,
    "expiryDate": "2026-06-18",
    "unitPrice": 5.16
  },
  {
    "batchNo": "B076",
    "itemNo": "I076",
    "itemName": "Amoxicillin 10mg",
    "description": "Antibiotic for bacterial infections.",
    "quantity": 171,
    "expiryDate": "2027-12-28",
    "unitPrice": 17.13
  },
  {
    "batchNo": "B077",
    "itemNo": "I077",
    "itemName": "Simvastatin 10mg",
    "description": "Lowers cholesterol and triglycerides.",
    "quantity": 130,
    "expiryDate": "2027-04-28",
    "unitPrice": 5.59
  },
  {
    "batchNo": "B078",
    "itemNo": "I078",
    "itemName": "Simvastatin 250mg",
    "description": "Lowers cholesterol and triglycerides.",
    "quantity": 132,
    "expiryDate": "2024-09-08",
    "unitPrice": 14.6
  },
  {
    "batchNo": "B079",
    "itemNo": "I079",
    "itemName": "Loratadine 250mg",
    "description": "Used to treat allergies.",
    "quantity": 138,
    "expiryDate": "2027-10-28",
    "unitPrice": 19.71
  },
  {
    "batchNo": "B080",
    "itemNo": "I080",
    "itemName": "Metformin 20mg",
    "description": "Used to treat type 2 diabetes.",
    "quantity": 79,
    "expiryDate": "2025-07-23",
    "unitPrice": 12.95
  },
  {
    "batchNo": "B081",
    "itemNo": "I081",
    "itemName": "Cetirizine 5mg",
    "description": "Antihistamine for allergies.",
    "quantity": 151,
    "expiryDate": "2026-06-16",
    "unitPrice": 9.87
  },
  {
    "batchNo": "B082",
    "itemNo": "I082",
    "itemName": "Azithromycin 20mg",
    "description": "Antibiotic for respiratory infections.",
    "quantity": 79,
    "expiryDate": "2027-10-07",
    "unitPrice": 18.14
  },
  {
    "batchNo": "B083",
    "itemNo": "I083",
    "itemName": "Paracetamol 20mg",
    "description": "Pain reliever and fever reducer.",
    "quantity": 9,
    "expiryDate": "2024-12-23",
    "unitPrice": 14.98
  },
  {
    "batchNo": "B084",
    "itemNo": "I084",
    "itemName": "Paracetamol 20mg",
    "description": "Pain reliever and fever reducer.",
    "quantity": 45,
    "expiryDate": "2027-10-29",
    "unitPrice": 10.36
  },
  {
    "batchNo": "B085",
    "itemNo": "I085",
    "itemName": "Ibuprofen 250mg",
    "description": "Non-steroidal anti-inflammatory drug (NSAID).",
    "quantity": 13,
    "expiryDate": "2026-09-21",
    "unitPrice": 7.89
  },
  {
    "batchNo": "B086",
    "itemNo": "I086",
    "itemName": "Amoxicillin 500mg",
    "description": "Antibiotic for bacterial infections.",
    "quantity": 9,
    "expiryDate": "2028-02-07",
    "unitPrice": 16.39
  },
  {
    "batchNo": "B087",
    "itemNo": "I087",
    "itemName": "Ibuprofen 20mg",
    "description": "Non-steroidal anti-inflammatory drug (NSAID).",
    "quantity": 61,
    "expiryDate": "2027-02-21",
    "unitPrice": 3.94
  },
  {
    "batchNo": "B088",
    "itemNo": "I088",
    "itemName": "Cetirizine 500mg",
    "description": "Antihistamine for allergies.",
    "quantity": 5,
    "expiryDate": "2027-08-23",
    "unitPrice": 18.66
  },
  {
    "batchNo": "B089",
    "itemNo": "I089",
    "itemName": "Amlodipine 5mg",
    "description": "Treats high blood pressure and chest pain.",
    "quantity": 122,
    "expiryDate": "2025-04-29",
    "unitPrice": 4.22
  },
  {
    "batchNo": "B090",
    "itemNo": "I090",
    "itemName": "Simvastatin 5mg",
    "description": "Lowers cholesterol and triglycerides.",
    "quantity": 85,
    "expiryDate": "2026-02-04",
    "unitPrice": 10.81
  },
  {
    "batchNo": "B091",
    "itemNo": "I091",
    "itemName": "Paracetamol 5mg",
    "description": "Pain reliever and fever reducer.",
    "quantity": 40,
    "expiryDate": "2027-06-04",
    "unitPrice": 17.94
  },
  {
    "batchNo": "B092",
    "itemNo": "I092",
    "itemName": "Amoxicillin 10mg",
    "description": "Antibiotic for bacterial infections.",
    "quantity": 139,
    "expiryDate": "2026-06-30",
    "unitPrice": 14.73
  },
  {
    "batchNo": "B093",
    "itemNo": "I093",
    "itemName": "Paracetamol 500mg",
    "description": "Pain reliever and fever reducer.",
    "quantity": 12,
    "expiryDate": "2026-08-11",
    "unitPrice": 9.96
  },
  {
    "batchNo": "B094",
    "itemNo": "I094",
    "itemName": "Simvastatin 20mg",
    "description": "Lowers cholesterol and triglycerides.",
    "quantity": 16,
    "expiryDate": "2027-12-27",
    "unitPrice": 4.38
  },
  {
    "batchNo": "B095",
    "itemNo": "I095",
    "itemName": "Cetirizine 20mg",
    "description": "Antihistamine for allergies.",
    "quantity": 66,
    "expiryDate": "2025-03-05",
    "unitPrice": 11.15
  },
  {
    "batchNo": "B096",
    "itemNo": "I096",
    "itemName": "Ibuprofen 20mg",
    "description": "Non-steroidal anti-inflammatory drug (NSAID).",
    "quantity": 192,
    "expiryDate": "2024-09-14",
    "unitPrice": 6.72
  },
  {
    "batchNo": "B097",
    "itemNo": "I097",
    "itemName": "Paracetamol 10mg",
    "description": "Pain reliever and fever reducer.",
    "quantity": 104,
    "expiryDate": "2027-09-29",
    "unitPrice": 1.15
  },
  {
    "batchNo": "B098",
    "itemNo": "I098",
    "itemName": "Simvastatin 10mg",
    "description": "Lowers cholesterol and triglycerides.",
    "quantity": 28,
    "expiryDate": "2026-05-14",
    "unitPrice": 19.55
  },
  {
    "batchNo": "B099",
    "itemNo": "I099",
    "itemName": "Ibuprofen 5mg",
    "description": "Non-steroidal anti-inflammatory drug (NSAID).",
    "quantity": 182,
    "expiryDate": "2028-05-10",
    "unitPrice": 17.65
  },
  {
    "batchNo": "B100",
    "itemNo": "I100",
    "itemName": "Ibuprofen 250mg",
    "description": "Non-steroidal anti-inflammatory drug (NSAID).",
    "quantity": 141,
    "expiryDate": "2026-09-25",
    "unitPrice": 17.25
  },
  {
    "batchNo": "B101",
    "itemNo": "I101",
    "itemName": "Metformin 20mg",
    "description": "Used to treat type 2 diabetes.",
    "quantity": 142,
    "expiryDate": "2026-03-11",
    "unitPrice": 11.97
  },
  {
    "batchNo": "B102",
    "itemNo": "I102",
    "itemName": "Paracetamol 5mg",
    "description": "Pain reliever and fever reducer.",
    "quantity": 6,
    "expiryDate": "2025-07-07",
    "unitPrice": 4.87
  },
  {
    "batchNo": "B103",
    "itemNo": "I103",
    "itemName": "Amoxicillin 250mg",
    "description": "Antibiotic for bacterial infections.",
    "quantity": 159,
    "expiryDate": "2025-01-23",
    "unitPrice": 13.75
  },
  {
    "batchNo": "B104",
    "itemNo": "I104",
    "itemName": "Amoxicillin 10mg",
    "description": "Antibiotic for bacterial infections.",
    "quantity": 163,
    "expiryDate": "2024-09-20",
    "unitPrice": 12.16
  },
  {
    "batchNo": "B105",
    "itemNo": "I105",
    "itemName": "Cetirizine 20mg",
    "description": "Antihistamine for allergies.",
    "quantity": 128,
    "expiryDate": "2027-07-31",
    "unitPrice": 8.97
  },
  {
    "batchNo": "B106",
    "itemNo": "I106",
    "itemName": "Amlodipine 250mg",
    "description": "Treats high blood pressure and chest pain.",
    "quantity": 25,
    "expiryDate": "2024-11-21",
    "unitPrice": 9.3
  },
  {
    "batchNo": "B107",
    "itemNo": "I107",
    "itemName": "Metformin 10mg",
    "description": "Used to treat type 2 diabetes.",
    "quantity": 155,
    "expiryDate": "2025-03-25",
    "unitPrice": 15.72
  },
  {
    "batchNo": "B108",
    "itemNo": "I108",
    "itemName": "Amlodipine 10mg",
    "description": "Treats high blood pressure and chest pain.",
    "quantity": 154,
    "expiryDate": "2024-12-01",
    "unitPrice": 7.39
  },
  {
    "batchNo": "B109",
    "itemNo": "I109",
    "itemName": "Loratadine 500mg",
    "description": "Used to treat allergies.",
    "quantity": 120,
    "expiryDate": "2027-10-07",
    "unitPrice": 10.87
  },
  {
    "batchNo": "B110",
    "itemNo": "I110",
    "itemName": "Paracetamol 5mg",
    "description": "Pain reliever and fever reducer.",
    "quantity": 190,
    "expiryDate": "2024-05-28",
    "unitPrice": 12.13
  },
  {
    "batchNo": "B111",
    "itemNo": "I111",
    "itemName": "Simvastatin 10mg",
    "description": "Lowers cholesterol and triglycerides.",
    "quantity": 43,
    "expiryDate": "2025-02-11",
    "unitPrice": 16.47
  },
  {
    "batchNo": "B112",
    "itemNo": "I112",
    "itemName": "Ibuprofen 10mg",
    "description": "Non-steroidal anti-inflammatory drug (NSAID).",
    "quantity": 108,
    "expiryDate": "2028-03-29",
    "unitPrice": 3.45
  },
  {
    "batchNo": "B113",
    "itemNo": "I113",
    "itemName": "Cetirizine 10mg",
    "description": "Antihistamine for allergies.",
    "quantity": 128,
    "expiryDate": "2027-10-12",
    "unitPrice": 7.73
  },
  {
    "batchNo": "B114",
    "itemNo": "I114",
    "itemName": "Amlodipine 500mg",
    "description": "Treats high blood pressure and chest pain.",
    "quantity": 27,
    "expiryDate": "2027-05-21",
    "unitPrice": 19.46
  },
  {
    "batchNo": "B115",
    "itemNo": "I115",
    "itemName": "Paracetamol 250mg",
    "description": "Pain reliever and fever reducer.",
    "quantity": 43,
    "expiryDate": "2024-05-19",
    "unitPrice": 9.82
  },
  {
    "batchNo": "B116",
    "itemNo": "I116",
    "itemName": "Amlodipine 500mg",
    "description": "Treats high blood pressure and chest pain.",
    "quantity": 64,
    "expiryDate": "2025-10-16",
    "unitPrice": 15.97
  },
  {
    "batchNo": "B117",
    "itemNo": "I117",
    "itemName": "Omeprazole 500mg",
    "description": "Proton pump inhibitor for acid reflux.",
    "quantity": 14,
    "expiryDate": "2025-03-28",
    "unitPrice": 2.29
  },
  {
    "batchNo": "B118",
    "itemNo": "I118",
    "itemName": "Amlodipine 5mg",
    "description": "Treats high blood pressure and chest pain.",
    "quantity": 122,
    "expiryDate": "2025-04-08",
    "unitPrice": 3.11
  },
  {
    "batchNo": "B119",
    "itemNo": "I119",
    "itemName": "Amlodipine 10mg",
    "description": "Treats high blood pressure and chest pain.",
    "quantity": 191,
    "expiryDate": "2028-01-01",
    "unitPrice": 7.08
  },
  {
    "batchNo": "B120",
    "itemNo": "I120",
    "itemName": "Simvastatin 20mg",
    "description": "Lowers cholesterol and triglycerides.",
    "quantity": 18,
    "expiryDate": "2026-09-03",
    "unitPrice": 5.84
  },
  {
    "batchNo": "B121",
    "itemNo": "I121",
    "itemName": "Omeprazole 10mg",
    "description": "Proton pump inhibitor for acid reflux.",
    "quantity": 143,
    "expiryDate": "2027-02-06",
    "unitPrice": 12.97
  },
  {
    "batchNo": "B122",
    "itemNo": "I122",
    "itemName": "Azithromycin 20mg",
    "description": "Antibiotic for respiratory infections.",
    "quantity": 96,
    "expiryDate": "2026-12-06",
    "unitPrice": 15.55
  },
  {
    "batchNo": "B123",
    "itemNo": "I123",
    "itemName": "Azithromycin 20mg",
    "description": "Antibiotic for respiratory infections.",
    "quantity": 161,
    "expiryDate": "2027-03-06",
    "unitPrice": 4.87
  },
  {
    "batchNo": "B124",
    "itemNo": "I124",
    "itemName": "Simvastatin 10mg",
    "description": "Lowers cholesterol and triglycerides.",
    "quantity": 179,
    "expiryDate": "2024-12-15",
    "unitPrice": 7.72
  },
  {
    "batchNo": "B125",
    "itemNo": "I125",
    "itemName": "Omeprazole 10mg",
    "description": "Proton pump inhibitor for acid reflux.",
    "quantity": 183,
    "expiryDate": "2026-09-02",
    "unitPrice": 15.95
  },
  {
    "batchNo": "B126",
    "itemNo": "I126",
    "itemName": "Simvastatin 20mg",
    "description": "Lowers cholesterol and triglycerides.",
    "quantity": 72,
    "expiryDate": "2024-08-14",
    "unitPrice": 8.59
  },
  {
    "batchNo": "B127",
    "itemNo": "I127",
    "itemName": "Amoxicillin 20mg",
    "description": "Antibiotic for bacterial infections.",
    "quantity": 100,
    "expiryDate": "2026-06-20",
    "unitPrice": 19.21
  },
  {
    "batchNo": "B128",
    "itemNo": "I128",
    "itemName": "Metformin 5mg",
    "description": "Used to treat type 2 diabetes.",
    "quantity": 138,
    "expiryDate": "2024-05-22",
    "unitPrice": 1.38
  },
  {
    "batchNo": "B129",
    "itemNo": "I129",
    "itemName": "Simvastatin 500mg",
    "description": "Lowers cholesterol and triglycerides.",
    "quantity": 33,
    "expiryDate": "2024-09-07",
    "unitPrice": 18.81
  },
  {
    "batchNo": "B130",
    "itemNo": "I130",
    "itemName": "Paracetamol 20mg",
    "description": "Pain reliever and fever reducer.",
    "quantity": 55,
    "expiryDate": "2028-04-05",
    "unitPrice": 3.41
  },
  {
    "batchNo": "B131",
    "itemNo": "I131",
    "itemName": "Metformin 10mg",
    "description": "Used to treat type 2 diabetes.",
    "quantity": 89,
    "expiryDate": "2026-09-10",
    "unitPrice": 5.17
  },
  {
    "batchNo": "B132",
    "itemNo": "I132",
    "itemName": "Azithromycin 500mg",
    "description": "Antibiotic for respiratory infections.",
    "quantity": 59,
    "expiryDate": "2027-07-17",
    "unitPrice": 2.21
  },
  {
    "batchNo": "B133",
    "itemNo": "I133",
    "itemName": "Azithromycin 250mg",
    "description": "Antibiotic for respiratory infections.",
    "quantity": 11,
    "expiryDate": "2025-09-15",
    "unitPrice": 19.63
  },
  {
    "batchNo": "B134",
    "itemNo": "I134",
    "itemName": "Loratadine 10mg",
    "description": "Used to treat allergies.",
    "quantity": 151,
    "expiryDate": "2025-01-22",
    "unitPrice": 4.93
  },
  {
    "batchNo": "B135",
    "itemNo": "I135",
    "itemName": "Loratadine 500mg",
    "description": "Used to treat allergies.",
    "quantity": 64,
    "expiryDate": "2024-10-29",
    "unitPrice": 18.2
  },
  {
    "batchNo": "B136",
    "itemNo": "I136",
    "itemName": "Metformin 5mg",
    "description": "Used to treat type 2 diabetes.",
    "quantity": 174,
    "expiryDate": "2025-05-28",
    "unitPrice": 3.81
  },
  {
    "batchNo": "B137",
    "itemNo": "I137",
    "itemName": "Paracetamol 5mg",
    "description": "Pain reliever and fever reducer.",
    "quantity": 173,
    "expiryDate": "2026-01-18",
    "unitPrice": 4.02
  },
  {
    "batchNo": "B138",
    "itemNo": "I138",
    "itemName": "Azithromycin 500mg",
    "description": "Antibiotic for respiratory infections.",
    "quantity": 125,
    "expiryDate": "2025-06-19",
    "unitPrice": 13.04
  },
  {
    "batchNo": "B139",
    "itemNo": "I139",
    "itemName": "Omeprazole 10mg",
    "description": "Proton pump inhibitor for acid reflux.",
    "quantity": 135,
    "expiryDate": "2027-06-19",
    "unitPrice": 3.1
  },
  {
    "batchNo": "B140",
    "itemNo": "I140",
    "itemName": "Loratadine 5mg",
    "description": "Used to treat allergies.",
    "quantity": 16,
    "expiryDate": "2027-06-05",
    "unitPrice": 2.48
  },
  {
    "batchNo": "B141",
    "itemNo": "I141",
    "itemName": "Metformin 10mg",
    "description": "Used to treat type 2 diabetes.",
    "quantity": 173,
    "expiryDate": "2024-07-03",
    "unitPrice": 14.11
  },
  {
    "batchNo": "B142",
    "itemNo": "I142",
    "itemName": "Loratadine 20mg",
    "description": "Used to treat allergies.",
    "quantity": 96,
    "expiryDate": "2027-11-14",
    "unitPrice": 17.73
  },
  {
    "batchNo": "B143",
    "itemNo": "I143",
    "itemName": "Loratadine 500mg",
    "description": "Used to treat allergies.",
    "quantity": 64,
    "expiryDate": "2024-08-23",
    "unitPrice": 12.81
  },
  {
    "batchNo": "B144",
    "itemNo": "I144",
    "itemName": "Cetirizine 250mg",
    "description": "Antihistamine for allergies.",
    "quantity": 185,
    "expiryDate": "2024-10-24",
    "unitPrice": 3.25
  },
  {
    "batchNo": "B145",
    "itemNo": "I145",
    "itemName": "Paracetamol 10mg",
    "description": "Pain reliever and fever reducer.",
    "quantity": 40,
    "expiryDate": "2028-02-16",
    "unitPrice": 2.89
  },
  {
    "batchNo": "B146",
    "itemNo": "I146",
    "itemName": "Simvastatin 500mg",
    "description": "Lowers cholesterol and triglycerides.",
    "quantity": 108,
    "expiryDate": "2025-11-11",
    "unitPrice": 8.42
  },
  {
    "batchNo": "B147",
    "itemNo": "I147",
    "itemName": "Paracetamol 20mg",
    "description": "Pain reliever and fever reducer.",
    "quantity": 52,
    "expiryDate": "2028-05-02",
    "unitPrice": 8.09
  },
  {
    "batchNo": "B148",
    "itemNo": "I148",
    "itemName": "Cetirizine 500mg",
    "description": "Antihistamine for allergies.",
    "quantity": 53,
    "expiryDate": "2025-01-15",
    "unitPrice": 10.45
  },
  {
    "batchNo": "B149",
    "itemNo": "I149",
    "itemName": "Metformin 250mg",
    "description": "Used to treat type 2 diabetes.",
    "quantity": 69,
    "expiryDate": "2025-07-27",
    "unitPrice": 19.11
  },
  {
    "batchNo": "B150",
    "itemNo": "I150",
    "itemName": "Paracetamol 20mg",
    "description": "Pain reliever and fever reducer.",
    "quantity": 180,
    "expiryDate": "2026-08-16",
    "unitPrice": 19.0
  },
  {
    "batchNo": "B151",
    "itemNo": "I151",
    "itemName": "Loratadine 20mg",
    "description": "Used to treat allergies.",
    "quantity": 158,
    "expiryDate": "2025-11-03",
    "unitPrice": 10.25
  },
  {
    "batchNo": "B152",
    "itemNo": "I152",
    "itemName": "Amoxicillin 5mg",
    "description": "Antibiotic for bacterial infections.",
    "quantity": 122,
    "expiryDate": "2026-12-22",
    "unitPrice": 13.31
  },
  {
    "batchNo": "B153",
    "itemNo": "I153",
    "itemName": "Omeprazole 10mg",
    "description": "Proton pump inhibitor for acid reflux.",
    "quantity": 102,
    "expiryDate": "2025-01-03",
    "unitPrice": 16.2
  },
  {
    "batchNo": "B154",
    "itemNo": "I154",
    "itemName": "Omeprazole 250mg",
    "description": "Proton pump inhibitor for acid reflux.",
    "quantity": 52,
    "expiryDate": "2025-07-04",
    "unitPrice": 17.18
  },
  {
    "batchNo": "B155",
    "itemNo": "I155",
    "itemName": "Paracetamol 20mg",
    "description": "Pain reliever and fever reducer.",
    "quantity": 159,
    "expiryDate": "2027-03-24",
    "unitPrice": 3.57
  },
  {
    "batchNo": "B156",
    "itemNo": "I156",
    "itemName": "Ibuprofen 5mg",
    "description": "Non-steroidal anti-inflammatory drug (NSAID).",
    "quantity": 151,
    "expiryDate": "2024-06-04",
    "unitPrice": 15.29
  },
  {
    "batchNo": "B157",
    "itemNo": "I157",
    "itemName": "Ibuprofen 10mg",
    "description": "Non-steroidal anti-inflammatory drug (NSAID).",
    "quantity": 172,
    "expiryDate": "2025-02-10",
    "unitPrice": 10.25
  },
  {
    "batchNo": "B158",
    "itemNo": "I158",
    "itemName": "Metformin 5mg",
    "description": "Used to treat type 2 diabetes.",
    "quantity": 129,
    "expiryDate": "2028-04-08",
    "unitPrice": 5.0
  },
  {
    "batchNo": "B159",
    "itemNo": "I159",
    "itemName": "Cetirizine 250mg",
    "description": "Antihistamine for allergies.",
    "quantity": 108,
    "expiryDate": "2028-01-24",
    "unitPrice": 4.27
  },
  {
    "batchNo": "B160",
    "itemNo": "I160",
    "itemName": "Metformin 250mg",
    "description": "Used to treat type 2 diabetes.",
    "quantity": 42,
    "expiryDate": "2028-03-11",
    "unitPrice": 8.45
  },
  {
    "batchNo": "B161",
    "itemNo": "I161",
    "itemName": "Azithromycin 250mg",
    "description": "Antibiotic for respiratory infections.",
    "quantity": 115,
    "expiryDate": "2025-09-11",
    "unitPrice": 6.75
  },
  {
    "batchNo": "B162",
    "itemNo": "I162",
    "itemName": "Simvastatin 20mg",
    "description": "Lowers cholesterol and triglycerides.",
    "quantity": 94,
    "expiryDate": "2025-02-07",
    "unitPrice": 18.63
  },
  {
    "batchNo": "B163",
    "itemNo": "I163",
    "itemName": "Ibuprofen 5mg",
    "description": "Non-steroidal anti-inflammatory drug (NSAID).",
    "quantity": 103,
    "expiryDate": "2027-11-20",
    "unitPrice": 17.09
  },
  {
    "batchNo": "B164",
    "itemNo": "I164",
    "itemName": "Loratadine 10mg",
    "description": "Used to treat allergies.",
    "quantity": 152,
    "expiryDate": "2024-09-15",
    "unitPrice": 12.14
  },
  {
    "batchNo": "B165",
    "itemNo": "I165",
    "itemName": "Ibuprofen 500mg",
    "description": "Non-steroidal anti-inflammatory drug (NSAID).",
    "quantity": 138,
    "expiryDate": "2026-04-14",
    "unitPrice": 2.26
  },
  {
    "batchNo": "B166",
    "itemNo": "I166",
    "itemName": "Azithromycin 10mg",
    "description": "Antibiotic for respiratory infections.",
    "quantity": 50,
    "expiryDate": "2028-02-20",
    "unitPrice": 5.78
  },
  {
    "batchNo": "B167",
    "itemNo": "I167",
    "itemName": "Simvastatin 10mg",
    "description": "Lowers cholesterol and triglycerides.",
    "quantity": 177,
    "expiryDate": "2026-11-11",
    "unitPrice": 16.59
  },
  {
    "batchNo": "B168",
    "itemNo": "I168",
    "itemName": "Simvastatin 20mg",
    "description": "Lowers cholesterol and triglycerides.",
    "quantity": 15,
    "expiryDate": "2025-05-24",
    "unitPrice": 3.45
  },
  {
    "batchNo": "B169",
    "itemNo": "I169",
    "itemName": "Azithromycin 20mg",
    "description": "Antibiotic for respiratory infections.",
    "quantity": 88,
    "expiryDate": "2027-11-16",
    "unitPrice": 12.0
  },
  {
    "batchNo": "B170",
    "itemNo": "I170",
    "itemName": "Azithromycin 20mg",
    "description": "Antibiotic for respiratory infections.",
    "quantity": 90,
    "expiryDate": "2026-04-15",
    "unitPrice": 7.73
  },
  {
    "batchNo": "B171",
    "itemNo": "I171",
    "itemName": "Omeprazole 5mg",
    "description": "Proton pump inhibitor for acid reflux.",
    "quantity": 77,
    "expiryDate": "2026-09-05",
    "unitPrice": 10.13
  },
  {
    "batchNo": "B172",
    "itemNo": "I172",
    "itemName": "Amoxicillin 500mg",
    "description": "Antibiotic for bacterial infections.",
    "quantity": 26,
    "expiryDate": "2027-10-23",
    "unitPrice": 11.7
  },
  {
    "batchNo": "B173",
    "itemNo": "I173",
    "itemName": "Loratadine 20mg",
    "description": "Used to treat allergies.",
    "quantity": 139,
    "expiryDate": "2027-02-12",
    "unitPrice": 5.02
  },
  {
    "batchNo": "B174",
    "itemNo": "I174",
    "itemName": "Paracetamol 20mg",
    "description": "Pain reliever and fever reducer.",
    "quantity": 58,
    "expiryDate": "2027-10-03",
    "unitPrice": 9.26
  },
  {
    "batchNo": "B175",
    "itemNo": "I175",
    "itemName": "Amoxicillin 20mg",
    "description": "Antibiotic for bacterial infections.",
    "quantity": 69,
    "expiryDate": "2026-04-04",
    "unitPrice": 3.1
  },
  {
    "batchNo": "B176",
    "itemNo": "I176",
    "itemName": "Amlodipine 250mg",
    "description": "Treats high blood pressure and chest pain.",
    "quantity": 137,
    "expiryDate": "2025-04-29",
    "unitPrice": 11.1
  },
  {
    "batchNo": "B177",
    "itemNo": "I177",
    "itemName": "Amlodipine 5mg",
    "description": "Treats high blood pressure and chest pain.",
    "quantity": 9,
    "expiryDate": "2024-07-01",
    "unitPrice": 6.71
  },
  {
    "batchNo": "B178",
    "itemNo": "I178",
    "itemName": "Metformin 250mg",
    "description": "Used to treat type 2 diabetes.",
    "quantity": 182,
    "expiryDate": "2024-11-13",
    "unitPrice": 2.03
  },
  {
    "batchNo": "B179",
    "itemNo": "I179",
    "itemName": "Amoxicillin 250mg",
    "description": "Antibiotic for bacterial infections.",
    "quantity": 149,
    "expiryDate": "2025-12-01",
    "unitPrice": 17.75
  },
  {
    "batchNo": "B180",
    "itemNo": "I180",
    "itemName": "Azithromycin 10mg",
    "description": "Antibiotic for respiratory infections.",
    "quantity": 186,
    "expiryDate": "2024-09-05",
    "unitPrice": 13.89
  },
  {
    "batchNo": "B181",
    "itemNo": "I181",
    "itemName": "Amoxicillin 20mg",
    "description": "Antibiotic for bacterial infections.",
    "quantity": 195,
    "expiryDate": "2026-09-04",
    "unitPrice": 6.88
  },
  {
    "batchNo": "B182",
    "itemNo": "I182",
    "itemName": "Amoxicillin 20mg",
    "description": "Antibiotic for bacterial infections.",
    "quantity": 94,
    "expiryDate": "2026-01-30",
    "unitPrice": 13.88
  },
  {
    "batchNo": "B183",
    "itemNo": "I183",
    "itemName": "Loratadine 250mg",
    "description": "Used to treat allergies.",
    "quantity": 158,
    "expiryDate": "2027-07-22",
    "unitPrice": 14.14
  },
  {
    "batchNo": "B184",
    "itemNo": "I184",
    "itemName": "Amoxicillin 500mg",
    "description": "Antibiotic for bacterial infections.",
    "quantity": 122,
    "expiryDate": "2025-06-23",
    "unitPrice": 11.44
  },
  {
    "batchNo": "B185",
    "itemNo": "I185",
    "itemName": "Amoxicillin 250mg",
    "description": "Antibiotic for bacterial infections.",
    "quantity": 99,
    "expiryDate": "2026-01-15",
    "unitPrice": 14.71
  },
  {
    "batchNo": "B186",
    "itemNo": "I186",
    "itemName": "Loratadine 20mg",
    "description": "Used to treat allergies.",
    "quantity": 79,
    "expiryDate": "2027-12-23",
    "unitPrice": 18.33
  },
  {
    "batchNo": "B187",
    "itemNo": "I187",
    "itemName": "Cetirizine 500mg",
    "description": "Antihistamine for allergies.",
    "quantity": 69,
    "expiryDate": "2028-01-25",
    "unitPrice": 19.57
  },
  {
    "batchNo": "B188",
    "itemNo": "I188",
    "itemName": "Loratadine 5mg",
    "description": "Used to treat allergies.",
    "quantity": 126,
    "expiryDate": "2024-11-11",
    "unitPrice": 6.92
  },
  {
    "batchNo": "B189",
    "itemNo": "I189",
    "itemName": "Azithromycin 500mg",
    "description": "Antibiotic for respiratory infections.",
    "quantity": 81,
    "expiryDate": "2025-01-02",
    "unitPrice": 17.0
  },
  {
    "batchNo": "B190",
    "itemNo": "I190",
    "itemName": "Loratadine 500mg",
    "description": "Used to treat allergies.",
    "quantity": 167,
    "expiryDate": "2025-07-25",
    "unitPrice": 7.17
  },
  {
    "batchNo": "B191",
    "itemNo": "I191",
    "itemName": "Amlodipine 10mg",
    "description": "Treats high blood pressure and chest pain.",
    "quantity": 101,
    "expiryDate": "2027-02-25",
    "unitPrice": 12.31
  },
  {
    "batchNo": "B192",
    "itemNo": "I192",
    "itemName": "Simvastatin 5mg",
    "description": "Lowers cholesterol and triglycerides.",
    "quantity": 107,
    "expiryDate": "2028-02-07",
    "unitPrice": 1.58
  },
  {
    "batchNo": "B193",
    "itemNo": "I193",
    "itemName": "Simvastatin 10mg",
    "description": "Lowers cholesterol and triglycerides.",
    "quantity": 121,
    "expiryDate": "2025-04-27",
    "unitPrice": 2.43
  },
  {
    "batchNo": "B194",
    "itemNo": "I194",
    "itemName": "Metformin 250mg",
    "description": "Used to treat type 2 diabetes.",
    "quantity": 56,
    "expiryDate": "2026-06-18",
    "unitPrice": 5.47
  },
  {
    "batchNo": "B195",
    "itemNo": "I195",
    "itemName": "Ibuprofen 10mg",
    "description": "Non-steroidal anti-inflammatory drug (NSAID).",
    "quantity": 193,
    "expiryDate": "2026-08-21",
    "unitPrice": 14.56
  },
  {
    "batchNo": "B196",
    "itemNo": "I196",
    "itemName": "Loratadine 10mg",
    "description": "Used to treat allergies.",
    "quantity": 154,
    "expiryDate": "2025-02-28",
    "unitPrice": 3.2
  },
  {
    "batchNo": "B197",
    "itemNo": "I197",
    "itemName": "Ibuprofen 500mg",
    "description": "Non-steroidal anti-inflammatory drug (NSAID).",
    "quantity": 161,
    "expiryDate": "2025-11-29",
    "unitPrice": 1.6
  },
  {
    "batchNo": "B198",
    "itemNo": "I198",
    "itemName": "Ibuprofen 20mg",
    "description": "Non-steroidal anti-inflammatory drug (NSAID).",
    "quantity": 185,
    "expiryDate": "2024-06-21",
    "unitPrice": 18.88
  },
  {
    "batchNo": "B199",
    "itemNo": "I199",
    "itemName": "Simvastatin 20mg",
    "description": "Lowers cholesterol and triglycerides.",
    "quantity": 121,
    "expiryDate": "2026-09-27",
    "unitPrice": 19.91
  },
  {
    "batchNo": "B200",
    "itemNo": "I200",
    "itemName": "Metformin 500mg",
    "description": "Used to treat type 2 diabetes.",
    "quantity": 49,
    "expiryDate": "2028-01-05",
    "unitPrice": 1.94
  },
  {
    "batchNo": "B201",
    "itemNo": "I201",
    "itemName": "Amlodipine 20mg",
    "description": "Treats high blood pressure and chest pain.",
    "quantity": 113,
    "expiryDate": "2024-07-05",
    "unitPrice": 18.28
  },
  {
    "batchNo": "B202",
    "itemNo": "I202",
    "itemName": "Amlodipine 5mg",
    "description": "Treats high blood pressure and chest pain.",
    "quantity": 166,
    "expiryDate": "2027-05-21",
    "unitPrice": 11.22
  },
  {
    "batchNo": "B203",
    "itemNo": "I203",
    "itemName": "Amlodipine 5mg",
    "description": "Treats high blood pressure and chest pain.",
    "quantity": 103,
    "expiryDate": "2026-02-04",
    "unitPrice": 19.51
  },
  {
    "batchNo": "B204",
    "itemNo": "I204",
    "itemName": "Ibuprofen 10mg",
    "description": "Non-steroidal anti-inflammatory drug (NSAID).",
    "quantity": 153,
    "expiryDate": "2025-05-04",
    "unitPrice": 4.7
  },
  {
    "batchNo": "B205",
    "itemNo": "I205",
    "itemName": "Simvastatin 5mg",
    "description": "Lowers cholesterol and triglycerides.",
    "quantity": 149,
    "expiryDate": "2025-01-01",
    "unitPrice": 18.83
  },
  {
    "batchNo": "B206",
    "itemNo": "I206",
    "itemName": "Ibuprofen 500mg",
    "description": "Non-steroidal anti-inflammatory drug (NSAID).",
    "quantity": 109,
    "expiryDate": "2024-08-27",
    "unitPrice": 17.21
  },
  {
    "batchNo": "B207",
    "itemNo": "I207",
    "itemName": "Paracetamol 10mg",
    "description": "Pain reliever and fever reducer.",
    "quantity": 154,
    "expiryDate": "2026-05-02",
    "unitPrice": 13.56
  },
  {
    "batchNo": "B208",
    "itemNo": "I208",
    "itemName": "Loratadine 10mg",
    "description": "Used to treat allergies.",
    "quantity": 114,
    "expiryDate": "2027-01-06",
    "unitPrice": 7.68
  },
  {
    "batchNo": "B209",
    "itemNo": "I209",
    "itemName": "Simvastatin 500mg",
    "description": "Lowers cholesterol and triglycerides.",
    "quantity": 43,
    "expiryDate": "2025-01-12",
    "unitPrice": 18.58
  },
  {
    "batchNo": "B210",
    "itemNo": "I210",
    "itemName": "Amoxicillin 20mg",
    "description": "Antibiotic for bacterial infections.",
    "quantity": 116,
    "expiryDate": "2026-05-18",
    "unitPrice": 8.37
  },
  {
    "batchNo": "B211",
    "itemNo": "I211",
    "itemName": "Simvastatin 250mg",
    "description": "Lowers cholesterol and triglycerides.",
    "quantity": 4,
    "expiryDate": "2028-01-31",
    "unitPrice": 14.55
  },
  {
    "batchNo": "B212",
    "itemNo": "I212",
    "itemName": "Ibuprofen 250mg",
    "description": "Non-steroidal anti-inflammatory drug (NSAID).",
    "quantity": 141,
    "expiryDate": "2026-05-17",
    "unitPrice": 3.3
  },
  {
    "batchNo": "B213",
    "itemNo": "I213",
    "itemName": "Cetirizine 5mg",
    "description": "Antihistamine for allergies.",
    "quantity": 16,
    "expiryDate": "2027-06-13",
    "unitPrice": 6.65
  },
  {
    "batchNo": "B214",
    "itemNo": "I214",
    "itemName": "Azithromycin 5mg",
    "description": "Antibiotic for respiratory infections.",
    "quantity": 144,
    "expiryDate": "2027-05-25",
    "unitPrice": 10.72
  },
  {
    "batchNo": "B215",
    "itemNo": "I215",
    "itemName": "Omeprazole 250mg",
    "description": "Proton pump inhibitor for acid reflux.",
    "quantity": 190,
    "expiryDate": "2026-02-26",
    "unitPrice": 8.35
  },
  {
    "batchNo": "B216",
    "itemNo": "I216",
    "itemName": "Loratadine 20mg",
    "description": "Used to treat allergies.",
    "quantity": 120,
    "expiryDate": "2027-05-08",
    "unitPrice": 14.2
  },
  {
    "batchNo": "B217",
    "itemNo": "I217",
    "itemName": "Cetirizine 250mg",
    "description": "Antihistamine for allergies.",
    "quantity": 56,
    "expiryDate": "2025-04-23",
    "unitPrice": 13.12
  },
  {
    "batchNo": "B218",
    "itemNo": "I218",
    "itemName": "Metformin 500mg",
    "description": "Used to treat type 2 diabetes.",
    "quantity": 87,
    "expiryDate": "2026-11-05",
    "unitPrice": 10.83
  },
  {
    "batchNo": "B219",
    "itemNo": "I219",
    "itemName": "Amoxicillin 10mg",
    "description": "Antibiotic for bacterial infections.",
    "quantity": 46,
    "expiryDate": "2025-10-07",
    "unitPrice": 19.79
  },
  {
    "batchNo": "B220",
    "itemNo": "I220",
    "itemName": "Simvastatin 250mg",
    "description": "Lowers cholesterol and triglycerides.",
    "quantity": 149,
    "expiryDate": "2026-06-27",
    "unitPrice": 8.84
  },
  {
    "batchNo": "B221",
    "itemNo": "I221",
    "itemName": "Amlodipine 5mg",
    "description": "Treats high blood pressure and chest pain.",
    "quantity": 54,
    "expiryDate": "2026-01-10",
    "unitPrice": 17.4
  },
  {
    "batchNo": "B222",
    "itemNo": "I222",
    "itemName": "Loratadine 250mg",
    "description": "Used to treat allergies.",
    "quantity": 138,
    "expiryDate": "2025-05-07",
    "unitPrice": 1.8
  },
  {
    "batchNo": "B223",
    "itemNo": "I223",
    "itemName": "Azithromycin 10mg",
    "description": "Antibiotic for respiratory infections.",
    "quantity": 87,
    "expiryDate": "2025-11-29",
    "unitPrice": 5.46
  },
  {
    "batchNo": "B224",
    "itemNo": "I224",
    "itemName": "Omeprazole 500mg",
    "description": "Proton pump inhibitor for acid reflux.",
    "quantity": 125,
    "expiryDate": "2025-05-24",
    "unitPrice": 13.01
  },
  {
    "batchNo": "B225",
    "itemNo": "I225",
    "itemName": "Amlodipine 5mg",
    "description": "Treats high blood pressure and chest pain.",
    "quantity": 198,
    "expiryDate": "2024-12-13",
    "unitPrice": 3.91
  },
  {
    "batchNo": "B226",
    "itemNo": "I226",
    "itemName": "Azithromycin 10mg",
    "description": "Antibiotic for respiratory infections.",
    "quantity": 82,
    "expiryDate": "2027-07-18",
    "unitPrice": 9.21
  },
  {
    "batchNo": "B227",
    "itemNo": "I227",
    "itemName": "Simvastatin 10mg",
    "description": "Lowers cholesterol and triglycerides.",
    "quantity": 183,
    "expiryDate": "2026-10-17",
    "unitPrice": 19.95
  },
  {
    "batchNo": "B228",
    "itemNo": "I228",
    "itemName": "Amlodipine 500mg",
    "description": "Treats high blood pressure and chest pain.",
    "quantity": 84,
    "expiryDate": "2025-11-30",
    "unitPrice": 11.6
  },
  {
    "batchNo": "B229",
    "itemNo": "I229",
    "itemName": "Paracetamol 500mg",
    "description": "Pain reliever and fever reducer.",
    "quantity": 2,
    "expiryDate": "2025-09-09",
    "unitPrice": 2.95
  },
  {
    "batchNo": "B230",
    "itemNo": "I230",
    "itemName": "Loratadine 10mg",
    "description": "Used to treat allergies.",
    "quantity": 40,
    "expiryDate": "2027-01-25",
    "unitPrice": 3.52
  },
  {
    "batchNo": "B231",
    "itemNo": "I231",
    "itemName": "Amoxicillin 5mg",
    "description": "Antibiotic for bacterial infections.",
    "quantity": 67,
    "expiryDate": "2026-03-16",
    "unitPrice": 16.97
  },
  {
    "batchNo": "B232",
    "itemNo": "I232",
    "itemName": "Amoxicillin 5mg",
    "description": "Antibiotic for bacterial infections.",
    "quantity": 171,
    "expiryDate": "2027-06-22",
    "unitPrice": 16.99
  },
  {
    "batchNo": "B233",
    "itemNo": "I233",
    "itemName": "Omeprazole 10mg",
    "description": "Proton pump inhibitor for acid reflux.",
    "quantity": 1,
    "expiryDate": "2025-09-23",
    "unitPrice": 16.67
  },
  {
    "batchNo": "B234",
    "itemNo": "I234",
    "itemName": "Simvastatin 250mg",
    "description": "Lowers cholesterol and triglycerides.",
    "quantity": 19,
    "expiryDate": "2025-08-11",
    "unitPrice": 7.29
  },
  {
    "batchNo": "B235",
    "itemNo": "I235",
    "itemName": "Simvastatin 5mg",
    "description": "Lowers cholesterol and triglycerides.",
    "quantity": 10,
    "expiryDate": "2026-11-10",
    "unitPrice": 18.27
  },
  {
    "batchNo": "B236",
    "itemNo": "I236",
    "itemName": "Amoxicillin 10mg",
    "description": "Antibiotic for bacterial infections.",
    "quantity": 83,
    "expiryDate": "2025-08-14",
    "unitPrice": 15.82
  },
  {
    "batchNo": "B237",
    "itemNo": "I237",
    "itemName": "Azithromycin 500mg",
    "description": "Antibiotic for respiratory infections.",
    "quantity": 200,
    "expiryDate": "2026-11-14",
    "unitPrice": 19.1
  },
  {
    "batchNo": "B238",
    "itemNo": "I238",
    "itemName": "Loratadine 5mg",
    "description": "Used to treat allergies.",
    "quantity": 35,
    "expiryDate": "2025-08-16",
    "unitPrice": 10.22
  },
  {
    "batchNo": "B239",
    "itemNo": "I239",
    "itemName": "Omeprazole 250mg",
    "description": "Proton pump inhibitor for acid reflux.",
    "quantity": 28,
    "expiryDate": "2027-04-06",
    "unitPrice": 16.95
  },
  {
    "batchNo": "B240",
    "itemNo": "I240",
    "itemName": "Cetirizine 20mg",
    "description": "Antihistamine for allergies.",
    "quantity": 91,
    "expiryDate": "2026-10-15",
    "unitPrice": 18.43
  },
  {
    "batchNo": "B241",
    "itemNo": "I241",
    "itemName": "Metformin 250mg",
    "description": "Used to treat type 2 diabetes.",
    "quantity": 6,
    "expiryDate": "2027-08-31",
    "unitPrice": 10.05
  },
  {
    "batchNo": "B242",
    "itemNo": "I242",
    "itemName": "Cetirizine 250mg",
    "description": "Antihistamine for allergies.",
    "quantity": 62,
    "expiryDate": "2026-09-12",
    "unitPrice": 11.09
  },
  {
    "batchNo": "B243",
    "itemNo": "I243",
    "itemName": "Ibuprofen 500mg",
    "description": "Non-steroidal anti-inflammatory drug (NSAID).",
    "quantity": 99,
    "expiryDate": "2026-03-26",
    "unitPrice": 8.03
  },
  {
    "batchNo": "B244",
    "itemNo": "I244",
    "itemName": "Amlodipine 20mg",
    "description": "Treats high blood pressure and chest pain.",
    "quantity": 77,
    "expiryDate": "2028-04-19",
    "unitPrice": 4.76
  },
  {
    "batchNo": "B245",
    "itemNo": "I245",
    "itemName": "Simvastatin 10mg",
    "description": "Lowers cholesterol and triglycerides.",
    "quantity": 106,
    "expiryDate": "2025-02-26",
    "unitPrice": 10.27
  },
  {
    "batchNo": "B246",
    "itemNo": "I246",
    "itemName": "Metformin 20mg",
    "description": "Used to treat type 2 diabetes.",
    "quantity": 146,
    "expiryDate": "2028-04-15",
    "unitPrice": 2.86
  },
  {
    "batchNo": "B247",
    "itemNo": "I247",
    "itemName": "Amoxicillin 10mg",
    "description": "Antibiotic for bacterial infections.",
    "quantity": 18,
    "expiryDate": "2024-12-12",
    "unitPrice": 13.77
  },
  {
    "batchNo": "B248",
    "itemNo": "I248",
    "itemName": "Ibuprofen 250mg",
    "description": "Non-steroidal anti-inflammatory drug (NSAID).",
    "quantity": 93,
    "expiryDate": "2025-05-25",
    "unitPrice": 15.48
  },
  {
    "batchNo": "B249",
    "itemNo": "I249",
    "itemName": "Simvastatin 10mg",
    "description": "Lowers cholesterol and triglycerides.",
    "quantity": 67,
    "expiryDate": "2025-06-29",
    "unitPrice": 5.65
  },
  {
    "batchNo": "B250",
    "itemNo": "I250",
    "itemName": "Ibuprofen 20mg",
    "description": "Non-steroidal anti-inflammatory drug (NSAID).",
    "quantity": 158,
    "expiryDate": "2026-07-05",
    "unitPrice": 16.53
  },
  {
    "batchNo": "B251",
    "itemNo": "I251",
    "itemName": "Cetirizine 20mg",
    "description": "Antihistamine for allergies.",
    "quantity": 151,
    "expiryDate": "2026-05-18",
    "unitPrice": 6.03
  },
  {
    "batchNo": "B252",
    "itemNo": "I252",
    "itemName": "Simvastatin 5mg",
    "description": "Lowers cholesterol and triglycerides.",
    "quantity": 33,
    "expiryDate": "2026-05-13",
    "unitPrice": 15.73
  },
  {
    "batchNo": "B253",
    "itemNo": "I253",
    "itemName": "Azithromycin 20mg",
    "description": "Antibiotic for respiratory infections.",
    "quantity": 90,
    "expiryDate": "2024-09-08",
    "unitPrice": 19.64
  },
  {
    "batchNo": "B254",
    "itemNo": "I254",
    "itemName": "Amlodipine 500mg",
    "description": "Treats high blood pressure and chest pain.",
    "quantity": 16,
    "expiryDate": "2025-01-13",
    "unitPrice": 4.13
  },
  {
    "batchNo": "B255",
    "itemNo": "I255",
    "itemName": "Metformin 20mg",
    "description": "Used to treat type 2 diabetes.",
    "quantity": 85,
    "expiryDate": "2026-04-14",
    "unitPrice": 10.43
  },
  {
    "batchNo": "B256",
    "itemNo": "I256",
    "itemName": "Amlodipine 250mg",
    "description": "Treats high blood pressure and chest pain.",
    "quantity": 76,
    "expiryDate": "2024-12-09",
    "unitPrice": 9.8
  },
  {
    "batchNo": "B257",
    "itemNo": "I257",
    "itemName": "Simvastatin 5mg",
    "description": "Lowers cholesterol and triglycerides.",
    "quantity": 170,
    "expiryDate": "2026-04-17",
    "unitPrice": 7.43
  },
  {
    "batchNo": "B258",
    "itemNo": "I258",
    "itemName": "Ibuprofen 10mg",
    "description": "Non-steroidal anti-inflammatory drug (NSAID).",
    "quantity": 81,
    "expiryDate": "2024-10-01",
    "unitPrice": 11.25
  },
  {
    "batchNo": "B259",
    "itemNo": "I259",
    "itemName": "Simvastatin 10mg",
    "description": "Lowers cholesterol and triglycerides.",
    "quantity": 98,
    "expiryDate": "2027-05-11",
    "unitPrice": 13.87
  },
  {
    "batchNo": "B260",
    "itemNo": "I260",
    "itemName": "Cetirizine 500mg",
    "description": "Antihistamine for allergies.",
    "quantity": 182,
    "expiryDate": "2026-05-13",
    "unitPrice": 19.85
  },
  {
    "batchNo": "B261",
    "itemNo": "I261",
    "itemName": "Ibuprofen 20mg",
    "description": "Non-steroidal anti-inflammatory drug (NSAID).",
    "quantity": 14,
    "expiryDate": "2025-08-02",
    "unitPrice": 19.03
  },
  {
    "batchNo": "B262",
    "itemNo": "I262",
    "itemName": "Ibuprofen 5mg",
    "description": "Non-steroidal anti-inflammatory drug (NSAID).",
    "quantity": 143,
    "expiryDate": "2027-04-28",
    "unitPrice": 2.25
  },
  {
    "batchNo": "B263",
    "itemNo": "I263",
    "itemName": "Paracetamol 250mg",
    "description": "Pain reliever and fever reducer.",
    "quantity": 152,
    "expiryDate": "2027-02-05",
    "unitPrice": 16.9
  },
  {
    "batchNo": "B264",
    "itemNo": "I264",
    "itemName": "Amlodipine 10mg",
    "description": "Treats high blood pressure and chest pain.",
    "quantity": 137,
    "expiryDate": "2027-01-31",
    "unitPrice": 12.51
  },
  {
    "batchNo": "B265",
    "itemNo": "I265",
    "itemName": "Paracetamol 500mg",
    "description": "Pain reliever and fever reducer.",
    "quantity": 196,
    "expiryDate": "2027-11-16",
    "unitPrice": 12.88
  },
  {
    "batchNo": "B266",
    "itemNo": "I266",
    "itemName": "Ibuprofen 10mg",
    "description": "Non-steroidal anti-inflammatory drug (NSAID).",
    "quantity": 131,
    "expiryDate": "2025-04-14",
    "unitPrice": 17.59
  },
  {
    "batchNo": "B267",
    "itemNo": "I267",
    "itemName": "Paracetamol 20mg",
    "description": "Pain reliever and fever reducer.",
    "quantity": 55,
    "expiryDate": "2027-08-25",
    "unitPrice": 8.67
  },
  {
    "batchNo": "B268",
    "itemNo": "I268",
    "itemName": "Omeprazole 250mg",
    "description": "Proton pump inhibitor for acid reflux.",
    "quantity": 123,
    "expiryDate": "2024-06-19",
    "unitPrice": 16.66
  },
  {
    "batchNo": "B269",
    "itemNo": "I269",
    "itemName": "Simvastatin 5mg",
    "description": "Lowers cholesterol and triglycerides.",
    "quantity": 107,
    "expiryDate": "2025-02-05",
    "unitPrice": 16.47
  },
  {
    "batchNo": "B270",
    "itemNo": "I270",
    "itemName": "Loratadine 20mg",
    "description": "Used to treat allergies.",
    "quantity": 138,
    "expiryDate": "2025-06-23",
    "unitPrice": 5.52
  },
  {
    "batchNo": "B271",
    "itemNo": "I271",
    "itemName": "Cetirizine 250mg",
    "description": "Antihistamine for allergies.",
    "quantity": 198,
    "expiryDate": "2027-07-07",
    "unitPrice": 13.65
  },
  {
    "batchNo": "B272",
    "itemNo": "I272",
    "itemName": "Ibuprofen 500mg",
    "description": "Non-steroidal anti-inflammatory drug (NSAID).",
    "quantity": 92,
    "expiryDate": "2025-04-20",
    "unitPrice": 7.79
  },
  {
    "batchNo": "B273",
    "itemNo": "I273",
    "itemName": "Azithromycin 250mg",
    "description": "Antibiotic for respiratory infections.",
    "quantity": 69,
    "expiryDate": "2027-06-22",
    "unitPrice": 12.52
  },
  {
    "batchNo": "B274",
    "itemNo": "I274",
    "itemName": "Ibuprofen 250mg",
    "description": "Non-steroidal anti-inflammatory drug (NSAID).",
    "quantity": 27,
    "expiryDate": "2028-04-19",
    "unitPrice": 4.69
  },
  {
    "batchNo": "B275",
    "itemNo": "I275",
    "itemName": "Simvastatin 10mg",
    "description": "Lowers cholesterol and triglycerides.",
    "quantity": 48,
    "expiryDate": "2025-05-16",
    "unitPrice": 2.01
  },
  {
    "batchNo": "B276",
    "itemNo": "I276",
    "itemName": "Paracetamol 250mg",
    "description": "Pain reliever and fever reducer.",
    "quantity": 184,
    "expiryDate": "2025-06-23",
    "unitPrice": 19.12
  },
  {
    "batchNo": "B277",
    "itemNo": "I277",
    "itemName": "Azithromycin 10mg",
    "description": "Antibiotic for respiratory infections.",
    "quantity": 4,
    "expiryDate": "2025-08-28",
    "unitPrice": 4.27
  },
  {
    "batchNo": "B278",
    "itemNo": "I278",
    "itemName": "Simvastatin 10mg",
    "description": "Lowers cholesterol and triglycerides.",
    "quantity": 196,
    "expiryDate": "2025-02-08",
    "unitPrice": 17.66
  },
  {
    "batchNo": "B279",
    "itemNo": "I279",
    "itemName": "Ibuprofen 20mg",
    "description": "Non-steroidal anti-inflammatory drug (NSAID).",
    "quantity": 194,
    "expiryDate": "2025-04-12",
    "unitPrice": 17.07
  },
  {
    "batchNo": "B280",
    "itemNo": "I280",
    "itemName": "Loratadine 250mg",
    "description": "Used to treat allergies.",
    "quantity": 77,
    "expiryDate": "2026-10-08",
    "unitPrice": 18.48
  },
  {
    "batchNo": "B281",
    "itemNo": "I281",
    "itemName": "Ibuprofen 250mg",
    "description": "Non-steroidal anti-inflammatory drug (NSAID).",
    "quantity": 178,
    "expiryDate": "2027-09-02",
    "unitPrice": 9.83
  },
  {
    "batchNo": "B282",
    "itemNo": "I282",
    "itemName": "Paracetamol 5mg",
    "description": "Pain reliever and fever reducer.",
    "quantity": 140,
    "expiryDate": "2024-12-24",
    "unitPrice": 12.36
  },
  {
    "batchNo": "B283",
    "itemNo": "I283",
    "itemName": "Paracetamol 250mg",
    "description": "Pain reliever and fever reducer.",
    "quantity": 29,
    "expiryDate": "2026-09-23",
    "unitPrice": 8.09
  },
  {
    "batchNo": "B284",
    "itemNo": "I284",
    "itemName": "Metformin 250mg",
    "description": "Used to treat type 2 diabetes.",
    "quantity": 104,
    "expiryDate": "2027-06-23",
    "unitPrice": 5.89
  },
  {
    "batchNo": "B285",
    "itemNo": "I285",
    "itemName": "Loratadine 20mg",
    "description": "Used to treat allergies.",
    "quantity": 90,
    "expiryDate": "2024-08-28",
    "unitPrice": 16.93
  },
  {
    "batchNo": "B286",
    "itemNo": "I286",
    "itemName": "Metformin 20mg",
    "description": "Used to treat type 2 diabetes.",
    "quantity": 53,
    "expiryDate": "2027-05-06",
    "unitPrice": 10.2
  },
  {
    "batchNo": "B287",
    "itemNo": "I287",
    "itemName": "Paracetamol 500mg",
    "description": "Pain reliever and fever reducer.",
    "quantity": 38,
    "expiryDate": "2025-06-16",
    "unitPrice": 4.76
  },
  {
    "batchNo": "B288",
    "itemNo": "I288",
    "itemName": "Metformin 250mg",
    "description": "Used to treat type 2 diabetes.",
    "quantity": 26,
    "expiryDate": "2026-12-25",
    "unitPrice": 16.04
  },
  {
    "batchNo": "B289",
    "itemNo": "I289",
    "itemName": "Loratadine 20mg",
    "description": "Used to treat allergies.",
    "quantity": 4,
    "expiryDate": "2027-05-06",
    "unitPrice": 8.78
  },
  {
    "batchNo": "B290",
    "itemNo": "I290",
    "itemName": "Loratadine 20mg",
    "description": "Used to treat allergies.",
    "quantity": 115,
    "expiryDate": "2026-05-24",
    "unitPrice": 14.09
  },
  {
    "batchNo": "B291",
    "itemNo": "I291",
    "itemName": "Cetirizine 20mg",
    "description": "Antihistamine for allergies.",
    "quantity": 73,
    "expiryDate": "2027-01-12",
    "unitPrice": 3.62
  },
  {
    "batchNo": "B292",
    "itemNo": "I292",
    "itemName": "Ibuprofen 20mg",
    "description": "Non-steroidal anti-inflammatory drug (NSAID).",
    "quantity": 143,
    "expiryDate": "2028-02-13",
    "unitPrice": 7.22
  },
  {
    "batchNo": "B293",
    "itemNo": "I293",
    "itemName": "Azithromycin 5mg",
    "description": "Antibiotic for respiratory infections.",
    "quantity": 166,
    "expiryDate": "2027-10-13",
    "unitPrice": 17.6
  },
  {
    "batchNo": "B294",
    "itemNo": "I294",
    "itemName": "Cetirizine 20mg",
    "description": "Antihistamine for allergies.",
    "quantity": 29,
    "expiryDate": "2027-04-17",
    "unitPrice": 3.25
  },
  {
    "batchNo": "B295",
    "itemNo": "I295",
    "itemName": "Metformin 500mg",
    "description": "Used to treat type 2 diabetes.",
    "quantity": 95,
    "expiryDate": "2027-04-09",
    "unitPrice": 2.05
  },
  {
    "batchNo": "B296",
    "itemNo": "I296",
    "itemName": "Metformin 10mg",
    "description": "Used to treat type 2 diabetes.",
    "quantity": 24,
    "expiryDate": "2027-04-23",
    "unitPrice": 3.66
  },
  {
    "batchNo": "B297",
    "itemNo": "I297",
    "itemName": "Amoxicillin 5mg",
    "description": "Antibiotic for bacterial infections.",
    "quantity": 150,
    "expiryDate": "2027-07-14",
    "unitPrice": 18.93
  },
  {
    "batchNo": "B298",
    "itemNo": "I298",
    "itemName": "Loratadine 500mg",
    "description": "Used to treat allergies.",
    "quantity": 93,
    "expiryDate": "2025-08-26",
    "unitPrice": 14.42
  },
  {
    "batchNo": "B299",
    "itemNo": "I299",
    "itemName": "Amoxicillin 250mg",
    "description": "Antibiotic for bacterial infections.",
    "quantity": 154,
    "expiryDate": "2024-06-14",
    "unitPrice": 6.35
  },
  {
    "batchNo": "B300",
    "itemNo": "I300",
    "itemName": "Amoxicillin 500mg",
    "description": "Antibiotic for bacterial infections.",
    "quantity": 36,
    "expiryDate": "2027-08-14",
    "unitPrice": 18.22
  }
]