[
    {
      "eId": "625",
      "fullName": "Ahmed Mohamed",
      "address": "Oman - Muscat",
      "bSalary": 1000,
      "benefits": 500,
      "grade": 6
    },
    {
      "eId": "721",
      "fullName": "Salim Mubarak",
      "address": "Oman - Seeb",
      "bSalary": 1500,
      "benefits": 500,
      "grade": 3
    },
    {
      "eId": "851",
      "fullName": "Amira hamad",
      "address": "Oman - Ibra",
      "bSalary": 500,
      "benefits": 300,
      "grade": 8
    },
    {
      "eId": "922",
      "fullName": "Wafa saleh",
      "address": "Oman - Nizwa",
      "bSalary": 600,
      "benefits": 600,
      "grade": 7
    },
    {
      "eId": "562",
      "fullName": "Emad Salim",
      "address": "Oman - Amerat",
      "bSalary": 1300,
      "benefits": 500,
      "grade": 5
    }
    
  ]
  