[
    {
        "patientId" : 111,
        "pName" : "Ahmed",
        "lastName" : "Al Salmi",
        "birthYear" : 2008,
        "nationality" : "Oman",
        "regPrice": 1.2
    },
    {
        "patientId" : 112,
        "pName" : "Sara",
        "lastName" : "Al Farsi",
        "birthYear" : 2005,
        "nationality" : "Oman",
        "regPrice": 1.2
    },
	 {
        "patientId" : 113,
        "pName" : "Sudha",
        "lastName" : "Rajesh",
        "birthYear" : 1990,
        "nationality" : "India",
        "regPrice": 5
    },
	 {
        "patientId" : 114,
        "pName" : "Leo",
        "lastName" : "neo",
        "birthYear" : 1980,
        "nationality" : "Philippine",
        "regPrice": 5
    },
	 {
        "patientId" : 115,
        "pName" : "zainab",
        "lastName" : "Al wardi",
        "birthYear" : 2010,
        "nationality" : "Oman",
        "regPrice" : 1.2
    }
]